Transactionid,Start,End,Latency,Iteration
77777777,1594471594,1594471594,0,1
77777777,1594471594,1594471594,0,1
77777777,1594471594,1594471594,0,1
77777777,1594471594,1594471594,0,1
77777777,1594471594,1594471594,0,1
77777777,1594471594,1594471594,0,1
77777777,1594471594,1594471594,0,1
77777777,1594471594,1594471594,0,1
77777777,1594471594,1594471594,0,1
77777777,1594471594,1594471594,0,1
77777777,1594471594,1594471594,0,1
77777777,1594471594,1594471594,0,1
77777777,1594471594,1594471594,0,1
77777777,1594471594,1594471594,0,1
77777777,1594471594,1594471594,0,1
77777777,1594471594,1594471594,0,1
77777777,1594471594,1594471594,0,1
77777777,1594471594,1594471594,0,1
77777777,1594471594,1594471594,0,1
77777777,1594471594,1594471594,0,1
77777777,1594471594,1594471594,0,1
77777777,1594471594,1594471594,0,1
77777777,1594471594,1594471594,0,1
77777777,1594471594,1594471594,0,1
77777777,1594471594,1594471594,0,1
77777777,1594471594,1594471594,0,1
77777777,1594471594,1594471594,0,1
77777777,1594471594,1594471594,0,1
77777777,1594471594,1594471594,0,1
77777777,1594471594,1594471594,0,1
77777777,1594471594,1594471594,0,1
77777777,1594471594,1594471594,0,1
77777777,1594471594,1594471594,0,1
77777777,1594471594,1594471594,0,1
77777777,1594471594,1594471594,0,1
77777777,1594471594,1594471594,0,1
77777777,1594471594,1594471594,0,1
77777777,1594471594,1594471594,0,1
77777777,1594471594,1594471594,0,1
77777777,1594471594,1594471594,0,1
77777777,1594471594,1594471594,0,1
77777777,1594471594,1594471594,0,1
77777777,1594471594,1594471594,0,1
77777777,1594471594,1594471594,0,1
77777777,1594471594,1594471594,0,1
77777777,1594471594,1594471594,0,1
77777777,1594471594,1594471594,0,1
77777777,1594471594,1594471594,0,1
77777777,1594471594,1594471594,0,1
77777777,1594471594,1594471594,0,1
77777777,1594471594,1594471594,0,1
77777777,1594471594,1594471594,0,1
77777777,1594471594,1594471594,0,1
77777777,1594471594,1594471594,0,1
77777777,1594471594,1594471594,0,1
77777777,1594471594,1594471594,0,1
77777777,1594471594,1594471594,0,1
77777777,1594471594,1594471594,0,1
77777777,1594471594,1594471594,0,1
77777777,1594471594,1594471594,0,1
77777777,1594471594,1594471594,0,1
77777777,1594471594,1594471594,0,1
77777777,1594471594,1594471594,0,1
77777777,1594471594,1594471594,0,1
77777777,1594471594,1594471594,0,1
77777777,1594471594,1594471594,0,1
77777777,1594471594,1594471594,0,1
77777777,1594471594,1594471594,0,1
77777777,1594471594,1594471594,0,1
77777777,1594471594,1594471594,0,1
77777777,1594471594,1594471594,0,1
77777777,1594471594,1594471594,0,1
77777777,1594471594,1594471594,0,1
77777777,1594471594,1594471594,0,1
77777777,1594471594,1594471594,0,1
77777777,1594471594,1594471594,0,1
77777777,1594471594,1594471594,0,1
77777777,1594471594,1594471594,0,1
77777777,1594471594,1594471594,0,1
77777777,1594471594,1594471594,0,1
77777777,1594471594,1594471594,0,1
77777777,1594471594,1594471594,0,1
77777777,1594471594,1594471594,0,1
77777777,1594471594,1594471594,0,1
77777777,1594471594,1594471594,0,1
77777777,1594471594,1594471594,0,1
77777777,1594471594,1594471594,0,1
77777777,1594471594,1594471594,0,1
77777777,1594471594,1594471594,0,1
77777777,1594471594,1594471594,0,1
77777777,1594471594,1594471594,0,1
77777777,1594471594,1594471594,0,1
77777777,1594471594,1594471594,0,1
77777777,1594471594,1594471594,0,1
77777777,1594471594,1594471594,0,1
77777777,1594471594,1594471594,0,1
77777777,1594471594,1594471594,0,1
77777777,1594471594,1594471594,0,1
77777777,1594471594,1594471594,0,1
77777777,1594471594,1594471594,0,1
