BlockTimeStamp,BlockMiner,BlockDifficulty,BlockSize,BlockNo,BlockGasLimit,BlockGasUsed,BlockTransactions,BlockUncles,MinTxStart,MaxTxStart,MinTxEnd,MaxTxEnd,TxGasUsed
1592558074,0x0000000000000000000000000000000000000000,2,26998,7005,40000000,7352794,194,0,1592558071,1592558118,1592558071,1592558118,37901
1592558076,0x0000000000000000000000000000000000000000,2,72010,7006,40000000,19898025,525,0,1592558071,1592558118,1592558071,1592558118,37901
1592558078,0x0000000000000000000000000000000000000000,2,126276,7007,40000000,35020524,924,0,1592558071,1592558118,1592558071,1592558118,37901
1592558080,0x0000000000000000000000000000000000000000,2,126266,7008,40000000,35020524,924,0,1592558071,1592558118,1592558071,1592558118,37901
1592558082,0x0000000000000000000000000000000000000000,2,126270,7009,40000000,35020524,924,0,1592558071,1592558118,1592558071,1592558118,37901
1592558084,0x0000000000000000000000000000000000000000,2,126274,7010,40000000,35020524,924,0,1592558071,1592558118,1592558071,1592558118,37901
1592558086,0x0000000000000000000000000000000000000000,2,126268,7011,40000000,35020524,924,0,1592558071,1592558118,1592558071,1592558118,37901
1592558088,0x0000000000000000000000000000000000000000,2,126264,7012,40000000,35020524,924,0,1592558071,1592558118,1592558071,1592558118,37901
1592558090,0x0000000000000000000000000000000000000000,2,126267,7013,40000000,35020524,924,0,1592558071,1592558118,1592558071,1592558118,37901
1592558092,0x0000000000000000000000000000000000000000,2,126268,7014,40000000,35020524,924,0,1592558071,1592558118,1592558071,1592558118,37901
1592558094,0x0000000000000000000000000000000000000000,2,126264,7015,40000000,35020524,924,0,1592558071,1592558118,1592558071,1592558118,37901
1592558096,0x0000000000000000000000000000000000000000,2,126273,7016,40000000,35020524,924,0,1592558071,1592558118,1592558071,1592558118,37901
1592558098,0x0000000000000000000000000000000000000000,2,126273,7017,40000000,35020524,924,0,1592558071,1592558118,1592558071,1592558118,37901
1592558100,0x0000000000000000000000000000000000000000,2,126273,7018,40000000,35020524,924,0,1592558071,1592558118,1592558071,1592558118,37901
1592558102,0x0000000000000000000000000000000000000000,2,126273,7019,40000000,35020524,924,0,1592558071,1592558118,1592558071,1592558118,37901
1592558104,0x0000000000000000000000000000000000000000,2,126264,7020,40000000,35020524,924,0,1592558071,1592558118,1592558071,1592558118,37901
1592558106,0x0000000000000000000000000000000000000000,2,126272,7021,40000000,35020524,924,0,1592558071,1592558118,1592558071,1592558118,37901
1592558108,0x0000000000000000000000000000000000000000,2,126267,7022,40000000,35020524,924,0,1592558071,1592558118,1592558071,1592558118,37901
1592558110,0x0000000000000000000000000000000000000000,2,126269,7023,40000000,35020524,924,0,1592558071,1592558118,1592558071,1592558118,37901
1592558112,0x0000000000000000000000000000000000000000,2,126276,7024,40000000,35020524,924,0,1592558071,1592558118,1592558071,1592558118,37901
1592558114,0x0000000000000000000000000000000000000000,2,126264,7025,40000000,35020524,924,0,1592558071,1592558118,1592558071,1592558118,37901
1592558116,0x0000000000000000000000000000000000000000,2,126272,7026,40000000,35020524,924,0,1592558071,1592558118,1592558071,1592558118,37901
1592558118,0x0000000000000000000000000000000000000000,2,107640,7027,40000000,29828087,787,0,1592558071,1592558118,1592558071,1592558118,37901
1592558120,0x0000000000000000000000000000000000000000,2,2518,7028,40000000,530614,14,0,1592558071,1592558118,1592558071,1592558118,37901
